,Country or territory,Year,Total (GWh),Total RE (GWh),RE % of total,Hydropower,Hydropower,Hydropower,Wind power,Wind power,Wind power,Biomass and waste,Biomass and waste,Biomass and waste,Solar power,Solar power,Solar power,Geothermal,Geothermal,Geothermal,Ref
,Country or territory,Year,Total (GWh),Total RE (GWh),RE % of total,GWh,% of total,% of RE,GWh,% of total,% of RE,GWh,% of total,% of RE,GWh,% of total,% of RE,GWh,% of total,% of RE,Ref
0,Afghanistan,2016,,1071.0,,1035.0,,96.7%,0.1,,0.0%,,,0.0%,35.5,,3.3%,,,,[6]
1,Albania,2016,7782.0,7784.0,100%,7782.0,100.0%,100.0%,,0.0%,0.0%,,0.0%,0.0%,1.9,0.0%,0.0%,,,,[6][7]
2,Algeria,2016,70997.0,430.5,0.6%,72.0,0.1%,16.7%,19.4,0.0%,4.5%,,0.0%,0.0%,339.1,0.5%,78.8%,,,,[6][8]
3,Angola,2016,10361.0,7282.0,70.3%,7109.0,68.6%,97.6%,,0.0%,0.0%,155.0,1.5%,2.1%,18.3,0.2%,0.3%,,,,[6][9]
4,Anguilla,2016,,2.4,,,,0.0%,,,0.0%,,,0.0%,2.4,,100.0%,,,,[6]
5,Antigua and Barbuda,2016,,5.5,,,,0.0%,,,0.0%,,,0.0%,5.5,,100.0%,,,,[6]
6,Argentina,2016,147220.0,31700.0,21.5%,30134.8,20.5%,95.1%,554.1,0.4%,1.7%,1820.0,1.2%,5.7%,14.5,0.0%,0.0%,,,,[6][10]
7,Armenia,2016,7315.0,2354.0,32.2%,2351.2,32.1%,99.9%,1.8,0.0%,0.1%,,0.0%,0.0%,1.2,0.0%,0.1%,,,,[6][11]
8,Aruba,2016,,148.5,,,,0.0%,130.3,,87.7%,8.9,,6.0%,9.2,,6.2%,,,,[6]
9,Australia,2020,227386.0,62917.0,27.7%,14638.0,6.4%,23.3%,22605.0,9.9%,35.9%,3164.0,1.4%,5.0%,22510.0,9.9%,35.8%,,,,[12]
10,Austria,2016,68351.0,50772.0,74.3%,42919.0,62.8%,84.5%,5235.0,7.7%,10.3%,4603.0,6.7%,9.1%,1096.0,1.6%,2.2%,,,,[6][13]
11,Azerbaijan,2016,24953.0,2192.0,8.8%,1959.0,7.9%,89.4%,22.8,0.1%,1.0%,174.5,0.7%,8.0%,35.3,0.1%,1.6%,,,,[6][14]
12,Bahamas,2016,,1.9,,,,0.0%,,,0.0%,,,0.0%,1.9,,100.0%,,,,[6]
13,Bahrain,2016,28510.0,9.5,0.0%,,0.0%,0.0%,1.2,0.0%,12.6%,,0.0%,0.0%,8.3,0.0%,87.4%,,,,[6][15]
14,Bangladesh,2016,64327.0,1183.0,1.8%,946.0,1.5%,80.0%,5.1,0.0%,0.4%,7.7,0.0%,0.7%,224.3,0.3%,19.0%,,,,[6][16]
15,Barbados,2016,,29.6,,,,0.0%,0.1,,0.3%,,,0.0%,29.5,,99.7%,,,,[6]
16,Belarus,2016,33566.0,392.0,1.2%,141.9,0.4%,36.2%,74.8,0.2%,19.1%,147.2,0.4%,37.6%,28.1,0.1%,7.2%,,,,[6][17]
17,Belgium,2016,85520.0,14168.0,16.6%,1489.0,1.7%,10.5%,5436.0,6.4%,38.4%,5276.0,6.2%,37.2%,3086.0,3.6%,21.8%,,,,[6][18]
18,Belize,2016,,383.1,,260.5,,68.0%,,,0.0%,117.4,,30.6%,5.3,,1.4%,,,,[6]
19,Benin,2016,355.0,11.2,3.2%,1.0,0.3%,8.9%,,0.0%,0.0%,,0.0%,0.0%,10.2,2.9%,91.1%,,,,[6][19]
20,BES Islands,2016,,38.2,,,,0.0%,35.1,,91.9%,,,0.0%,3.1,,8.1%,,,,[6]
21,Bhutan,2016,,7962.0,,7959.0,,100.0%,1.8,,0.0%,,,0.0%,0.7,,0.0%,,,,[6]
22,Bolivia,2016,9409.0,1937.0,20.6%,1720.0,18.3%,88.8%,34.9,0.4%,1.8%,176.2,1.9%,9.1%,5.7,0.1%,0.3%,,,,[6][20]
23,Bosnia and Herzegovina,2016,17767.0,5591.0,31.5%,5587.0,31.4%,99.9%,0.8,0.0%,0.0%,36.1,0.2%,0.6%,13.4,0.1%,0.2%,,,,[6][21]
24,Botswana,2016,2688.0,4.3,0.2%,,0.0%,0.0%,,0.0%,0.0%,,0.0%,0.0%,4.3,0.2%,100.0%,,,,[6][22]
25,British Virgin Islands,2016,,1.6,,,,0.0%,1.3,,81.3%,,,0.0%,0.3,,18.8%,,,,[6]
26,Brazil,2016,578889.0,465579.0,80.4%,380911.0,65.8%,81.8%,33489.0,5.8%,7.2%,51040.0,8.8%,11.0%,138.8,0.0%,0.0%,,,,[6][23]
27,Brunei,2016,4270.0,1.1,0.0%,,0.0%,0.0%,,0.0%,0.0%,,0.0%,0.0%,1.1,0.0%,100.0%,,,,[6][24]
28,Bulgaria,2016,45277.0,7106.0,15.7%,4568.0,10.1%,64.3%,1425.0,3.1%,20.1%,353.0,0.8%,5.0%,1386.0,3.1%,19.5%,,,,[6][25]
29,Burkina Faso,2016,,157.1,,139.5,,88.8%,,,0.0%,2.3,,1.5%,15.3,,9.7%,,,,[6]
30,Burundi,2016,,284.0,,271.9,,95.7%,,,0.0%,6.6,,2.3%,5.4,,1.9%,,,,[6]
31,Cabo Verde,2016,,74.7,,,,0.0%,69.1,,92.5%,,,0.0%,5.6,,7.5%,,,,[6]
32,Cambodia,2016,5594.0,2641.0,47.2%,2568.0,45.9%,97.2%,0.3,0.0%,0.0%,48.3,0.9%,1.8%,24.7,0.4%,0.9%,,,,[6][26]
33,Cameroon,2016,8367.0,4385.0,52.4%,4372.7,52.3%,99.7%,,0.0%,0.0%,,0.0%,0.0%,12.4,0.1%,0.3%,,,,[6][27]
34,Canada,2016,667438.0,433597.0,65.0%,387208.0,58.0%,89.3%,30766.0,4.6%,7.1%,12685.0,1.9%,2.9%,3031.0,0.5%,0.7%,,,,[6][28]
35,Central African Republic,2016,,171.7,,171.3,,99.8%,,,0.0%,,,0.0%,0.4,,0.2%,,,,[6]
36,Chad,2016,,9.2,,,,0.0%,8.9,,96.7%,,,0.0%,0.3,,3.3%,,,,[6]
37,Chile,2016,79308.0,34319.0,43.3%,23274.0,29.3%,67.8%,2449.0,3.1%,7.1%,5957.0,7.5%,17.4%,2639.0,3.3%,7.7%,,,,[6][29]
38,China,2019,7142200.0,1739400.0,24.35%,1153400.0,16.1%,66.3%,357700.0,5.0%,20.5%,111100.0,1.6%,6.4%,117200.0,1.6%,6.7%,143.5,0.0%,0.0%,[6][30]
39,Colombia,2016,76904.0,48339.0,62.9%,46788.0,60.8%,96.8%,50.9,0.1%,0.1%,1420.0,1.8%,2.9%,80.2,0.1%,0.2%,,,,[6][31]
40,Comoros,2016,,5.0,,5.0,,100.0%,,,0.0%,,,0.0%,,,0.0%,,,,[6]
41,Democratic Republic of the Congo,2016,9135.0,9224.0,100%,9221.0,100.9%,100.0%,,0.0%,0.0%,,0.0%,0.0%,3.2,0.0%,0.0%,,,,[6][32]
42,Republic of the Congo,2016,1753.0,1164.0,66.4%,1163.7,66.4%,99.9%,,0.0%,0.0%,,0.0%,0.0%,0.6,0.0%,0.1%,,,,[6][33]
43,Cook Islands,2016,,4.3,,,,0.0%,,,0.0%,,,0.0%,4.3,,100.0%,,,,[6]
44,Costa Rica,2016,10881.0,10630.0,97.7%,8026.0,73.8%,75.5%,1147.0,10.5%,10.8%,84.1,0.8%,0.8%,32.8,0.3%,0.3%,1340.0,12.3%,12.6%,[6][34]
45,Ivory Coast,2016,10253.0,1534.0,15.0%,1529.0,14.9%,99.7%,,0.0%,0.0%,,0.0%,0.0%,5.1,0.0%,0.3%,,,,[6][35]
46,Croatia,2016,12820.0,8364.0,65.2%,7058.0,55.1%,84.4%,1014.0,7.9%,12.1%,431.0,3.4%,5.2%,66.0,0.5%,0.8%,,,,[6][36]
47,Cuba,2016,20458.0,914.5,4.5%,64.2,0.3%,7.0%,20.9,0.1%,2.3%,686.3,3.4%,75.0%,143.0,0.7%,15.6%,,,,[6][37]
48,Curacao,2016,884.0,229.1,25.9%,,0.0%,0.0%,200.0,22.6%,87.3%,,0.0%,0.0%,29.1,3.3%,12.7%,,,,[6][38]
49,Cyprus,2016,4887.0,424.0,8.7%,,0.0%,0.0%,226.0,4.6%,53.3%,52.0,1.1%,12.3%,146.0,3.0%,34.4%,,,,[6][39]
50,Czechia,2016,83301.0,9384.0,11.3%,3202.0,3.8%,34.1%,497.0,0.6%,5.3%,4756.0,5.7%,50.7%,2131.0,2.6%,22.7%,,,,[6][40]
51,Denmark,2016,30522.0,18451.0,60.5%,19.0,0.1%,0.1%,12771.0,41.8%,69.2%,4917.0,16.1%,26.6%,744.0,2.4%,4.0%,,,,[6][41]
52,Djibouti,2016,,0.5,,,,0.0%,,,0.0%,,,0.0%,0.5,,100.0%,,,,[6]
53,Dominica,2016,,37.3,,36.4,,97.6%,0.6,,1.6%,,,0.0%,0.4,,1.1%,,,,[6]
54,Dominican Republic,2016,19414.0,2021.0,10.4%,1519.0,7.8%,75.2%,322.8,1.7%,16.0%,104.6,0.5%,5.2%,74.6,0.4%,3.7%,,,,[6][42]
55,Ecuador,2016,27314.0,16445.0,60.2%,15833.8,58.0%,96.3%,84.0,0.3%,0.5%,489.5,1.8%,3.0%,38.2,0.1%,0.2%,,,,[6][43]
56,Egypt,2016,194327.0,16023.0,8.2%,13545.0,7.0%,84.5%,2058.0,1.1%,12.8%,315.2,0.2%,2.0%,104.6,0.1%,0.7%,,,,[6][44]
57,El Salvador,2016,5984.0,3633.0,60.7%,1342.6,22.4%,37.0%,,0.0%,0.0%,634.6,10.6%,17.5%,79.8,1.3%,2.2%,1576.0,26.3%,43.4%,[6][45]
58,Equatorial Guinea,2016,,127.0,,127.0,,100.0%,,,0.0%,,,0.0%,,,0.0%,,,,[6]
59,Eritrea,2016,421.0,3.3,0.8%,,0.0%,0.0%,2.0,0.5%,60.6%,,0.0%,0.0%,1.3,0.3%,39.4%,,,,[6][46]
60,Estonia,2016,12176.0,1524.0,12.5%,35.0,0.3%,2.3%,594.0,4.9%,39.0%,885.0,7.3%,58.1%,10.1,0.1%,0.7%,,,,[6][47]
61,Eswatini (Swaziland),2016,,463.7,,126.7,,27.3%,,,0.0%,335.7,,72.4%,1.3,,0.3%,,,,[6]
62,Ethiopia,2016,11226.0,10509.0,93.6%,9674.0,86.2%,92.1%,786.0,7.0%,7.5%,28.2,0.3%,0.3%,20.8,0.2%,0.2%,,,,[6][48]
63,Falkland Islands,2016,,9.3,,,,0.0%,9.2,,98.9%,,,0.0%,0.1,,1.1%,,,,[6]
64,Faroe Islands,2016,,158.5,,106.3,,67.1%,52.1,,32.9%,,,0.0%,,,0.0%,,,,[6]
65,Fiji,2016,,571.7,,499.2,,87.3%,3.6,,0.6%,63.6,,11.1%,5.3,,0.9%,,,,[6]
66,Finland,2016,68752.0,30407.0,44.2%,15799.0,23.0%,52.0%,3068.0,4.5%,10.1%,11523.0,16.8%,37.9%,17.0,0.0%,0.1%,,,,[6][49]
67,French Guiana,2016,,509.0,,443.0,,87.0%,,,0.0%,12.0,,2.4%,54.0,,10.6%,,,,[6]
68,French Polynesia,2016,,224.2,,187.0,,83.4%,0.3,,0.1%,,,0.0%,36.9,,16.5%,,,,[6]
69,France,2016,556184.0,97242.0,17.5%,64889.0,11.7%,66.7%,21400.0,3.8%,22.0%,7134.0,1.3%,7.3%,8160.0,1.5%,8.4%,4.0,0.0%,0.0%,[6][50]
70,Gabon,2016,2336.0,1598.0,68.4%,1596.0,68.3%,99.9%,,0.0%,0.0%,,0.0%,0.0%,1.9,0.1%,0.1%,,,,[6][51]
71,Gambia,2016,,3.6,,,,0.0%,0.1,,2.8%,,,0.0%,3.5,,97.2%,,,,[6]
72,Georgia,2016,11574.0,9338.0,80.7%,9329.0,80.6%,99.9%,9.0,0.1%,0.1%,,0.0%,0.0%,,0.0%,0.0%,,,,[6][52]
73,Germany,2019,514860.0,237610.0,46.2%,19430.0,3.8%,8.2%,127230.0,24.7%,53.5%,44420.0,8.6%,18.7%,46540.0,9.0%,19.6%,,,,[53]
74,Ghana,2016,13023.0,5593.0,42.9%,5561.0,42.7%,99.4%,,0.0%,0.0%,0.3,0.0%,0.0%,31.0,0.2%,0.6%,,,,[6][54]
75,Greece,2016,54438.0,14893.0,27.4%,5565.0,10.2%,37.4%,5146.0,9.5%,34.6%,274.0,0.5%,1.8%,3930.0,7.2%,26.4%,,,,[6][55]
76,Greenland,2016,,400.9,,400.9,,100.0%,,,0.0%,,,0.0%,,,0.0%,,,,[6]
77,Grenada,2016,,2.3,,,,0.0%,,,0.0%,,,0.0%,2.3,,100.0%,,,,[6]
78,Guadeloupe,2016,,315.1,,34.1,,10.8%,53.3,,16.9%,49.8,,15.8%,93.8,,29.8%,84.1,,26.7%,[6]
79,Guam,2016,,66.8,,,,0.0%,0.4,,0.6%,,,0.0%,66.3,,99.3%,,,,[6]
80,Guatemala,2016,12450.0,6435.0,51.7%,3951.0,31.7%,61.4%,215.1,1.7%,3.3%,1778.0,14.3%,27.6%,201.3,1.6%,3.1%,289.1,2.3%,4.5%,[6][56]
81,Guinea,2016,,397.9,,395.3,,99.3%,,,0.0%,,,0.0%,2.6,,0.7%,,,,[6]
82,Guinea Bissau,2016,,3.5,,,,0.0%,,,0.0%,,,0.0%,3.5,,100.0%,,,,[6]
83,Guyana,2016,,50.3,,,,0.0%,0.1,,0.2%,40.2,,79.9%,10.0,,19.9%,,,,[6]
84,Haiti,2016,1084.0,208.3,19.2%,207.0,19.1%,99.4%,,0.0%,0.0%,,0.0%,0.0%,1.3,0.1%,0.6%,,,,[6][57]
85,Honduras,2016,8783.0,4404.0,50.1%,2353.6,26.8%,53.4%,582.9,6.6%,13.2%,575.7,6.6%,13.1%,891.7,10.2%,20.2%,,,,[6][58]
86,Hungary,2016,31859.0,3215.0,10.1%,259.0,0.8%,8.1%,684.0,2.1%,21.3%,2071.0,6.5%,64.4%,201.0,0.6%,6.3%,,,,[6][59]
87,Iceland,2016,18550.0,18547.0,100.0%,13470.0,72.6%,72.6%,9.0,0.0%,0.0%,,0.0%,0.0%,,0.0%,0.0%,5068.0,27.3%,27.3%,[6][60]
88,India,2019,1598417.0,288642.0,18.06%,165135.0,10.33%,57.21%,64639.0,4.0%,22.3%,13843.0,0.8%,4.8%,50103.0,3.13%,17.3%,,,,For fiscal year 2019-20[61][62]
89,Indonesia,2016,248613.0,39509.0,15.9%,19410.0,7.8%,49.1%,5.7,0.0%,0.0%,9364.0,3.8%,23.7%,73.4,0.0%,0.2%,10656.0,4.3%,27.0%,[6][63]
90,Iran,2016,289094.0,16710.0,5.8%,16419.0,5.7%,98.3%,264.3,0.1%,1.6%,21.8,0.0%,0.1%,5.0,0.0%,0.0%,,,,[6][64]
91,Iraq,2016,80030.0,5145.0,6.4%,5087.0,6.4%,98.9%,,0.0%,0.0%,,0.0%,0.0%,57.3,0.1%,1.1%,,,,[6][65]
92,Ireland,2016,30418.0,7515.0,24.7%,973.0,3.2%,12.9%,6149.0,20.2%,81.8%,681.0,2.2%,9.1%,4.0,0.0%,0.1%,,,,[6][66]
93,Israel,2016,66976.0,1656.0,2.5%,23.1,0.0%,1.4%,64.4,0.1%,3.9%,170.7,0.3%,10.3%,1398.0,2.1%,84.4%,,,,[6][67]
94,Italy,2016,289768.0,108036.0,37.3%,44257.0,15.3%,41.0%,17689.0,6.1%,16.4%,19509.0,6.7%,18.1%,22117.0,7.6%,20.5%,6289.0,2.2%,5.8%,[6][68]
95,Jamaica,2016,4230.0,345.2,8.2%,118.7,2.8%,34.4%,190.0,4.5%,55.0%,23.5,0.6%,6.8%,13.0,0.3%,3.8%,,,,[6][69]
96,Japan,2016,1057976.0,158822.0,15.0%,85083.0,8.0%,53.6%,9612.0,0.9%,6.1%,16847.0,1.6%,10.6%,50952.0,4.8%,32.1%,2509.0,0.2%,1.6%,[6][70]
97,Jordan,2016,19731.0,959.0,4.9%,41.6,0.2%,4.3%,390.7,2.0%,40.7%,6.5,0.0%,0.7%,520.2,2.6%,54.2%,,,,[6][71]
98,Kazakhstan,2016,106627.0,12013.0,11.3%,11621.0,10.9%,96.7%,262.0,0.2%,2.2%,43.6,0.0%,0.4%,86.8,0.1%,0.7%,,,,[6][72]
99,Kenya,2016,9752.0,8843.0,90.7%,3798.0,38.9%,42.9%,57.1,0.6%,0.6%,193.9,2.0%,2.2%,37.2,0.4%,0.4%,4758.0,48.8%,53.8%,[6][73]
100,Kiribati,2016,,4.8,,,,0.0%,,,0.0%,,,0.0%,4.8,,100.0%,,,,[6]
101,Korea DPR,2016,16926.0,12815.0,75.7%,12800.0,75.6%,99.9%,1.1,0.0%,0.0%,,0.0%,0.0%,13.9,0.1%,0.1%,,,,[6][74]
102,Korea Rep,2016,562603.0,15930.0,2.8%,6634.0,1.2%,41.6%,1683.0,0.3%,10.6%,5781.0,1.0%,36.3%,5123.0,0.9%,32.2%,,,,[6][75]
103,Kosovo,2016,5981.0,257.0,4.3%,245.0,4.1%,95.3%,3.3,0.1%,1.3%,,0.0%,0.0%,8.7,0.1%,3.4%,,,,[6][76]
104,Kuwait,2016,70094.0,66.3,0.1%,,0.0%,0.0%,17.5,0.0%,26.4%,,0.0%,0.0%,48.8,0.1%,73.6%,,,,[6][77]
105,Kyrgyzstan,2016,13262.0,11498.0,86.7%,11498.0,86.7%,100.0%,,0.0%,0.0%,,0.0%,0.0%,,0.0%,0.0%,,,,[6][78]
106,Laos,2016,33822.0,17952.0,53.1%,17946.0,53.1%,100.0%,,0.0%,0.0%,4.4,0.0%,0.0%,2.3,0.0%,0.0%,,,,[6][79]
107,Latvia,2016,6425.0,3481.6,54.2%,2530.0,39.4%,72.7%,128.0,2.0%,3.7%,823.0,12.8%,23.6%,0.6,0.0%,0.0%,,,,[6][80]
108,Lebanon,2016,18690.0,523.6,2.8%,480.0,2.6%,91.7%,6.0,0.0%,1.1%,10.0,0.1%,1.9%,27.6,0.1%,5.3%,,,,[6][81]
109,Lesotho,2016,,508.5,,507.7,,99.8%,,,0.0%,,,0.0%,0.8,,0.2%,,,,[6]
110,Liberia,2016,,21.0,,21.0,,100.0%,,,0.0%,,,0.0%,,,0.0%,,,,[6]
111,Libya,2016,36430.0,7.8,0.0%,,0.0%,0.0%,,0.0%,0.0%,,0.0%,0.0%,7.8,0.0%,100.0%,,,,[6][82]
112,Lithuania,2016,4226.0,2088.0,49.4%,1044.0,24.7%,50.0%,1136.0,26.9%,54.4%,432.0,10.2%,20.7%,66.0,1.6%,3.2%,,,,[6][83]
113,Luxembourg,2016,2196.0,455.7,20.8%,1528.0,69.6%,335.3%,101.0,4.6%,22.2%,139.7,6.4%,14.5%,100.0,4.6%,10.3%,,,,[6][84]
114,Madagascar,2016,,905.8,,886.5,,97.9%,0.5,,0.1%,0.6,,0.1%,18.2,,2.0%,,,,[6]
115,Malawi,2016,,1472.0,,1404.0,,95.4%,,,0.0%,49.8,,3.4%,18.0,,1.2%,,,,[6]
116,Malaysia,2016,156660.0,21491.0,13.7%,20342.0,13.0%,94.7%,,0.0%,0.0%,917.0,0.6%,4.3%,232.4,0.1%,1.1%,,,,[6][85]
117,Maldives,2016,,11.6,,,,0.0%,1.5,,12.9%,,,0.0%,10.1,,87.1%,,,,[6]
118,Mali,2016,,1111.6,,1102.0,,99.2%,,,0.0%,,,0.0%,9.2,,0.8%,,,,[6]
119,Malta,2016,856.0,133.4,15.6%,,0.0%,0.0%,0.4,0.0%,0.3%,8.0,0.9%,6.0%,125.0,14.6%,93.7%,,,,[6][86]
120,Marshall Islands,2016,,2.2,,,,0.0%,,,0.0%,,,0.0%,2.2,,100.0%,,,,[6]
121,Martinique,2016,,111.9,,,,0.0%,1.3,,1.2%,28.6,,25.6%,82.0,,73.3%,,,,[6]
122,Mauritania,2016,,343.8,,182.9,,53.2%,104.3,,30.3%,,,0.0%,56.6,,16.5%,,,,[6]
123,Mauritius,2016,3042.0,663.5,21.8%,99.5,3.3%,15.0%,18.0,0.6%,2.7%,515.7,17.0%,77.7%,30.3,1.0%,4.6%,,,,[6][87]
124,Mayotte,2016,,14.8,,,,0.0%,,,0.0%,,,0.0%,14.8,,100.0%,,,,[6]
125,Mexico,2016,320353.0,48937.0,15.3%,30698.0,9.6%,62.7%,10378.0,3.2%,21.2%,1461.0,0.5%,3.0%,252.0,0.1%,0.5%,6148.0,1.9%,12.6%,[6][88]
126,Micronesia,2016,,1.8,,,,0.0%,,,0.0%,,,0.0%,1.8,,100.0%,,,,[6]
127,Moldova,2016,5827.0,308.7,5.3%,290.0,5.0%,93.9%,2.5,0.0%,0.8%,14.2,0.2%,4.6%,1.9,0.0%,0.6%,,,,[6][89]
128,Mongolia,2016,5667.0,223.1,3.9%,61.0,1.1%,27.3%,153.6,2.7%,68.8%,,0.0%,0.0%,8.5,0.1%,3.8%,,,,[6][90]
129,Montenegro,2016,3141.0,1847.0,58.8%,1843.0,58.7%,99.8%,,0.0%,0.0%,,0.0%,0.0%,4.1,0.1%,0.2%,,,,[6][91]
130,Morocco,2016,32141.0,4757.0,14.8%,1662.0,5.2%,34.9%,3015.0,9.4%,63.4%,12.6,0.0%,0.3%,473.4,1.5%,10.0%,,,,[6][92]
131,Mozambique,2016,18732.0,15683.0,83.7%,15611.0,83.3%,99.5%,,0.0%,0.0%,16.8,0.1%,0.1%,,0.0%,0.0%,,,,[6][93]
132,Myanmar,2016,17867.0,9437.0,52.8%,9400.0,52.6%,99.6%,,0.0%,0.0%,,0.0%,0.0%,36.5,0.2%,0.4%,,,,[6][94]
133,Namibia,2016,1421.0,1411.0,99.3%,1359.0,95.6%,96.3%,0.1,0.0%,0.0%,0.2,0.0%,0.0%,51.6,3.6%,3.7%,,,,[6][95]
134,Nauru,2016,,0.2,,,,0.0%,,,0.0%,,,0.0%,0.2,,100.0%,,,,[6]
135,Nepal,2016,4244.0,2777.7,65.5%,2734.5,64.4%,98.4%,0.1,0.0%,0.0%,,0.0%,0.0%,43.0,1.0%,1.5%,,,,[6][96]
136,Netherlands,2016,115170.0,13943.0,12.1%,100.0,0.1%,0.7%,8170.0,7.1%,58.6%,4113.0,3.6%,29.5%,1560.0,1.4%,11.2%,,,,[6][97]
137,New Caledonia,2016,,288.9,,231.8,,80.2%,45.1,,15.6%,0.6,,0.2%,11.4,,3.9%,,,,[6]
138,New Zealand,2016,43033.0,36118.0,83.9%,25730.0,59.8%,71.2%,2303.0,5.4%,6.4%,608.0,1.4%,1.7%,52.0,0.1%,0.1%,7425.0,17.3%,20.6%,[6][98]
139,Nicaragua,2016,4590.0,2445.0,53.3%,426.7,9.3%,17.5%,729.0,15.9%,29.8%,533.2,11.6%,21.8%,26.8,0.6%,1.1%,729.0,15.9%,29.8%,[6][99]
140,Niger,2016,526.0,13.1,2.5%,,0.0%,0.0%,,0.0%,0.0%,,0.0%,0.0%,13.1,2.5%,100.0%,,,,[6][100]
141,Nigeria,2016,30897.0,5750.0,18.6%,5721.0,18.5%,99.5%,3.0,0.0%,0.1%,,0.0%,0.0%,25.8,0.1%,0.4%,,,,[6][101]
142,North Macedonia,2016,5629.0,2066.0,36.7%,1897.0,33.7%,91.8%,109.0,1.9%,5.3%,36.0,0.6%,1.7%,24.0,0.4%,1.2%,,,,[6][102]
143,Norway,2016,149630.0,145379.0,97.2%,144005.0,96.2%,99.1%,2116.0,1.4%,1.5%,233.0,0.2%,0.2%,23.8,0.0%,0.0%,,,,[6][103]
144,Oman,2016,34210.0,3.7,0.0%,,0.0%,0.0%,,0.0%,0.0%,,0.0%,0.0%,3.7,0.0%,100.0%,,,,[6][104]
145,Pakistan,2016,114003.0,37249.0,32.7%,34366.0,30.1%,92.3%,786.3,0.7%,2.1%,1506.0,1.3%,4.0%,590.4,0.5%,1.6%,,,,[6][105]
146,Palau,2016,,1.7,,,,0.0%,,,0.0%,,,0.0%,1.7,,100.0%,,,,[6]
147,Palestine,2016,,42.5,,,,0.0%,,,0.0%,,,0.0%,42.5,,100.0%,,,,[6]
148,Panama,2016,10886.0,7255.0,66.6%,6522.5,59.9%,89.9%,625.2,5.7%,8.6%,30.9,0.3%,0.4%,76.5,0.7%,1.1%,,,,[6][106]
149,Papua New Guinea,2016,,1289.0,,876.6,,68.0%,,,0.0%,11.0,,0.9%,1.3,,0.1%,400.0,,31.0%,[6]
150,Paraguay,2016,63771.0,63902.0,100%,63770.0,100.0%,99.8%,,0.0%,0.0%,132.1,0.2%,0.2%,,0.0%,0.0%,,,,[6][107]
151,Peru,2016,51923.0,26030.0,50.1%,24171.7,46.6%,92.9%,1063.8,2.0%,4.1%,493.5,1.0%,1.9%,301.1,0.6%,1.2%,,,,[6][108]
152,Philippines,2016,90797.0,22031.0,24.3%,8833.0,9.7%,40.1%,975.0,1.1%,4.4%,777.5,0.9%,3.5%,1097.0,1.2%,5.0%,11070.0,12.2%,50.2%,[6][109]
153,Poland,2019,163989.0,25378.0,15.5%,1958.0,1.2%,7.7%,15107.0,9.2%,59.5%,7602.0,4.6%,30.0%,711.0,0.4%,2.8%,,,,[6][110]
154,Portugal,2016,60280.0,32262.0,53.5%,16909.0,28.1%,52.4%,12474.0,20.7%,38.7%,3071.0,5.1%,9.5%,822.0,1.4%,2.5%,172.0,0.3%,0.5%,[6][111]
155,Puerto Rico,2016,,388.9,,71.0,,18.3%,193.0,,49.6%,7.0,,1.8%,117.9,,30.3%,,,,[6]
156,Qatar,2016,42307.0,123.2,0.3%,,0.0%,0.0%,,0.0%,0.0%,114.8,0.3%,93.2%,8.4,0.0%,6.8%,,,,[6][112]
157,Reunion,2016,,1003.7,,464.5,,46.3%,18.5,,1.8%,261.2,,26.0%,259.5,,25.9%,,,,[6]
158,Romania,2016,65103.0,26969.0,41.4%,18536.0,28.5%,68.7%,6590.0,10.1%,24.4%,531.0,0.8%,2.0%,1820.0,2.8%,6.7%,0.1,0.0%,0.0%,[6][113]
159,Russia,2016,1090973.0,184172.0,16.9%,185668.0,17.0%,100.8%,6.0,0.0%,0.0%,32.0,0.0%,0.0%,79.3,0.0%,0.0%,414.0,0.0%,0.2%,[6][114]
160,Rwanda,2016,,342.1,,324.6,,94.9%,,,0.0%,1.9,,0.6%,15.7,,4.6%,,,,[6]
161,Samoa,2016,,50.0,,37.9,,75.8%,1.5,,3.0%,,,0.0%,10.6,,21.2%,,,,[6]
162,Sao Tome & Principe,2016,,6.0,,5.9,,98.3%,,,0.0%,,,0.0%,0.1,,1.7%,,,,[6]
163,Saudi Arabia,2016,344809.0,129.2,0.0%,,0.0%,0.0%,,0.0%,0.0%,,0.0%,0.0%,129.2,0.0%,100.0%,,,,[6][115]
164,Senegal,2016,4457.0,461.4,10.4%,359.4,8.1%,77.9%,,0.0%,0.0%,15.1,0.3%,3.3%,86.9,1.9%,18.8%,,,,[6][116]
165,Serbia,2016,39342.0,10865.0,27.6%,11520.0,29.3%,106.0%,26.0,0.1%,0.2%,35.0,0.1%,0.3%,12.0,0.0%,0.1%,,,,[6][117]
166,Seychelles,2016,,9.9,,,,0.0%,7.0,,70.7%,,,0.0%,2.9,,29.3%,,,,[6]
167,Sierra Leone,2016,,220.4,,219.9,,99.8%,,,0.0%,,,0.0%,0.4,,0.2%,,,,[6]
168,Singapore,2016,51667.0,824.3,1.6%,,0.0%,0.0%,,0.0%,0.0%,671.7,1.3%,81.5%,152.6,0.3%,18.5%,,,,[6][118]
169,Slovakia,2016,27064.0,6629.0,24.5%,4606.0,17.0%,69.5%,6.0,0.0%,0.1%,1731.0,6.4%,26.1%,533.0,2.0%,8.0%,,,,[6][119]
170,Slovenia,2016,16500.0,5057.0,30.6%,4782.0,29.0%,94.6%,6.0,0.0%,0.1%,281.0,1.7%,5.6%,267.0,1.6%,5.3%,,,,[6][120]
171,Solomon Islands,2016,,3.6,,0.8,,22.2%,,,0.0%,,,0.0%,2.8,,77.8%,,,,[6]
172,Somalia,2016,,8.6,,,,0.0%,4.9,,57.0%,,,0.0%,3.7,,43.0%,,,,[6]
173,South Africa,2016,252747.0,8074.0,3.2%,3892.5,1.5%,48.2%,3698.0,1.5%,45.8%,437.3,0.2%,5.4%,3341.0,1.3%,41.4%,,,,[6][121]
174,South Sudan,2016,439.0,0.6,0.1%,,0.0%,0.0%,,0.0%,0.0%,,0.0%,0.0%,0.6,0.1%,100.0%,,,,[6][122]
175,Spain,2016,274779.0,104639.0,38.1%,39865.0,14.5%,38.1%,48906.0,17.8%,46.7%,5689.0,2.1%,5.4%,13649.0,5.0%,13.0%,,,,[6][123]
176,Sri Lanka,2016,14284.0,3950.0,27.7%,3507.0,24.6%,88.8%,346.0,2.4%,8.8%,37.9,0.3%,1.0%,59.3,0.4%,1.5%,,,,[6][124]
177,St Kitts and Nevis,2016,,10.7,,,,0.0%,7.6,,71.0%,,,0.0%,3.1,,29.0%,,,,[6]
178,St Lucia,2016,,1.3,,,,0.0%,,,0.0%,,,0.0%,1.3,,100.0%,,,,[6]
179,St Maarten,2016,,,,,,,,,,,,,,,,,,,[6]
180,St Martin,2016,,2.6,,,,0.0%,,,0.0%,,,0.0%,2.6,,100.0%,,,,[6]
181,St Vincent & the Grenadines,2016,,26.6,,24.7,,92.9%,,,0.0%,,,0.0%,1.9,,7.1%,,,,[6]
182,Sudan,2016,14429.0,8182.0,56.7%,8051.0,55.8%,98.4%,,0.0%,0.0%,110.5,0.8%,1.4%,20.5,0.1%,0.3%,,,,[6][125]
183,Suriname,2016,2022.0,1179.0,58.3%,1163.5,57.5%,98.7%,,0.0%,0.0%,6.5,0.3%,0.6%,8.8,0.4%,0.7%,,,,[6][126]
184,Sweden,2016,156010.0,89127.0,57.1%,62137.0,39.8%,69.7%,15479.0,9.9%,17.4%,11487.0,7.4%,12.9%,143.0,0.1%,0.2%,,,,[6][127]
185,Switzerland,2016,63175.0,37809.0,59.8%,36689.0,58.1%,97.0%,109.0,0.2%,0.3%,1743.0,2.8%,4.6%,1333.0,2.1%,3.5%,,,,[6][128]
186,Syria,2016,18112.0,963.5,5.3%,929.0,5.1%,96.4%,1.1,0.0%,0.1%,33.5,0.2%,3.5%,,0.0%,0.0%,,,,[6][129]
187,Taiwan,2016,264136.0,10973.0,4.2%,9856.0,3.7%,89.8%,1457.0,0.6%,13.3%,1822.6,0.7%,16.6%,1132.0,0.4%,10.3%,,,,[6][130]
188,Tajikistan,2016,17232.0,16800.0,97.5%,16800.0,97.5%,100.0%,,0.0%,0.0%,,0.0%,0.0%,,0.0%,0.0%,,,,[6][131]
189,Tanzania,2016,6998.0,2597.5,37.1%,2444.1,34.9%,94.1%,,0.0%,0.0%,135.2,1.9%,5.2%,18.2,0.3%,0.7%,,,,[6][132]
190,Thailand,2016,191321.0,25047.0,13.1%,4128.0,2.2%,16.5%,345.0,0.2%,1.4%,17672.6,9.2%,70.6%,3377.0,1.8%,13.5%,1.3,0.0%,0.0%,[6][133]
191,Timor Leste,2016,,2.3,,1.5,,65.2%,,,0.0%,,,0.0%,0.8,,34.8%,,,,[6]
192,Togo,2016,232.0,169.6,73.1%,165.1,71.2%,97.3%,,0.0%,0.0%,,0.0%,0.0%,4.4,1.9%,2.6%,,,,[6][134]
193,Tokelau,2016,,1.3,,,,0.0%,,,0.0%,,,0.0%,1.3,,100.0%,,,,[6]
194,Tonga,2016,,4.5,,,,0.0%,0.0,,0.0%,,,0.0%,4.5,,100.0%,,,,[6]
195,Trinidad and Tobago,2016,10712.0,4.0,0.0%,,0.0%,0.0%,,0.0%,0.0%,,0.0%,0.0%,4.0,0.0%,100.0%,,,,[6][135]
196,Tunisia,2016,19808.0,589.0,3.0%,45.0,0.2%,7.6%,474.0,2.4%,80.5%,,0.0%,0.0%,70.0,0.4%,11.9%,,,,[6][136]
197,Turkey,2016,274408.0,90248.0,32.9%,67231.0,24.5%,74.5%,15517.0,5.7%,17.2%,1635.0,0.6%,1.8%,1046.0,0.4%,1.2%,4819.0,1.8%,5.3%,[6][137]
198,Turkmenistan,2016,22534.0,,0.0%,,0.0%,,,0.0%,,,0.0%,,,0.0%,,,,,[6][138]
199,Tuvalu,2016,,2.8,,,,0.0%,,,0.0%,,,0.0%,2.8,,100.0%,,,,[6]
200,Uganda,2016,,3594.0,,3304.5,,91.9%,,,0.0%,252.0,,7.0%,37.8,,1.1%,,,,[6]
201,Ukraine,2016,164573.0,9285.0,5.6%,9304.0,5.7%,100.2%,954.0,0.6%,10.3%,169.1,0.1%,1.8%,491.0,0.3%,5.3%,,,,[6][139]
202,United Arab Emirates,2016,129956.0,337.3,0.3%,,0.0%,0.0%,,0.0%,0.0%,6.0,0.0%,1.8%,331.3,0.3%,98.2%,,,,[6][140]
203,United Kingdom,2018,332893.0,110019.0,33.0%,5490.0,1.6%,5.0%,56904.0,17.1%,51.7%,34759.0,10.4%,31.6%,12857.0,3.9%,11.7%,,,,[141]
204,United States,2016,4322038.0,637076.0,14.7%,292113.0,6.8%,45.9%,229471.0,5.3%,36.0%,69017.0,1.6%,10.8%,50334.0,1.2%,7.9%,18584.0,0.4%,2.9%,[6][142]
205,US Virgin Islands,2016,,29.5,,,,0.0%,,,0.0%,,,0.0%,29.5,,100.0%,,,,[6]
206,Uruguay,2016,13238.0,12795.0,96.5%,7842.0,59.2%,61.3%,2994.3,22.6%,23.4%,2432.7,18.4%,19.0%,153.1,1.2%,1.2%,,,,[6][143]
207,Uzbekistan,2016,58319.0,14901.0,25.6%,14896.0,25.5%,100.0%,,0.0%,0.0%,,0.0%,0.0%,4.8,0.0%,0.0%,,,,[6][144]
208,Vanuatu,2016,,29.9,,7.6,,25.4%,5.0,,16.7%,11.9,,39.8%,5.4,,18.1%,,,,[6]
209,Venezuela,2016,112577.0,76099.0,67.6%,76003.5,67.5%,99.9%,88.3,0.1%,0.1%,,0.0%,0.0%,6.9,0.0%,0.0%,,,,[6][145]
210,Vietnam,2016,164832.0,63654.0,38.6%,63105.0,38.3%,99.1%,209.8,0.1%,0.3%,332.0,0.2%,0.5%,7.0,0.0%,0.0%,,,,[6][146]
211,Yemen,2016,5045.0,549.0,10.9%,,0.0%,0.0%,,0.0%,0.0%,,0.0%,0.0%,549.0,10.9%,100.0%,,,,[6][147]
212,Zambia,2016,11695.0,11108.0,95.0%,11027.0,94.3%,99.3%,,0.0%,0.0%,76.0,0.6%,0.7%,5.2,0.0%,0.0%,,,,[6][148]
213,Zimbabwe,2016,7055.0,3658.0,51.9%,3551.0,50.3%,97.1%,,0.0%,0.0%,95.3,1.4%,2.6%,12.2,0.2%,0.3%,,,,[6][149]
